{
  "type": "FeatureCollection",
  "features": [
    {
      "type": "Feature",
      "properties": {
        "name": "Mehrauli Risk Zone",
        "crime_rate": 0.85,
        "lighting": "poor"
      },
      "geometry": {
        "coordinates": [
          [
            [77.23873938782594, 28.51075387616079],
            [77.23873938782594, 28.498584835297578],
            [77.26297136863803, 28.498584835297578],
            [77.26297136863803, 28.51075387616079],
            [77.23873938782594, 28.51075387616079]
          ]
        ],
        "type": "Polygon"
      }
    },
    {
      "type": "Feature",
      "properties": {
        "name": "Connaught Place Outer",
        "crime_rate": 0.7,
        "lighting": "average"
      },
      "geometry": {
        "coordinates": [
          [
            [77.20933767569096, 28.644380326701608],
            [77.20933767569096, 28.63741657410064],
            [77.21903336225762, 28.63741657410064],
            [77.21903336225762, 28.644380326701608],
            [77.20933767569096, 28.644380326701608]
          ]
        ],
        "type": "Polygon"
      }
    },
    {
      "type": "Feature",
      "properties": {
        "name": "Dhaula Kuan Area",
        "crime_rate": 0.9,
        "lighting": "poor"
      },
      "geometry": {
        "coordinates": [
          [
            [77.11579055298654, 28.602938153779476],
            [77.11579055298654, 28.58841619231559],
            [77.13216829478864, 28.58841619231559],
            [77.13216829478864, 28.602938153779476],
            [77.11579055298654, 28.602938153779476]
          ]
        ],
        "type": "Polygon"
      }
    },
    {
      "type": "Feature",
      "properties": {
        "name": "Seelampur East",
        "crime_rate": 0.95,
        "lighting": "poor"
      },
      "geometry": {
        "coordinates": [
          [
            [77.26508525494876, 28.670020434232782],
            [77.26508525494876, 28.665871572999578],
            [77.27039445546757, 28.665871572999578],
            [77.27039445546757, 28.670020434232782],
            [77.26508525494876, 28.670020434232782]
          ]
        ],
        "type": "Polygon"
      }
    },
    {
      "type": "Feature",
      "properties": {
        "name": "West Delhi Ind. Area",
        "crime_rate": 0.6,
        "lighting": "poor"
      },
      "geometry": {
        "coordinates": [
          [
            [77.09750041543367, 28.62916839241622],
            [77.09750041543367, 28.624487047331016],
            [77.10493107170896, 28.624487047331016],
            [77.10493107170896, 28.62916839241622],
            [77.09750041543367, 28.62916839241622]
          ]
        ],
        "type": "Polygon"
      }
    },
    {
      "type": "Feature",
      "properties": {
        "name": "Burari Outskirts",
        "crime_rate": 0.8,
        "lighting": "poor"
      },
      "geometry": {
        "coordinates": [
          [
            [77.24424674557577, 28.718481342533465],
            [77.25299952506367, 28.718481342533465],
            [77.25299952506367, 28.723532044346115],
            [77.24424674557577, 28.723532044346115],
            [77.24424674557577, 28.718481342533465]
          ]
        ],
        "type": "Polygon"
      }
    },
    {
      "type": "Feature",
      "properties": {
        "name": "Bawana Industrial",
        "crime_rate": 0.9,
        "lighting": "poor"
      },
      "geometry": {
        "coordinates": [
          [
            [77.0344798757281, 28.801264927501705],
            [77.0344798757281, 28.79886322532448],
            [77.03688012603112, 28.79886322532448],
            [77.03688012603112, 28.801264927501705],
            [77.0344798757281, 28.801264927501705]
          ]
        ],
        "type": "Polygon"
      }
    },
    {
      "type": "Feature",
      "properties": {
        "name": "Vasant Vihar Dark Spot",
        "crime_rate": 0.5,
        "lighting": "poor"
      },
      "geometry": {
        "coordinates": [
          [
            [77.13028043440806, 28.54690066911735],
            [77.12564202691595, 28.54690066911735],
            [77.12564202691595, 28.54341378069124],
            [77.13028043440806, 28.54341378069124],
            [77.13028043440806, 28.54690066911735]
          ]
        ],
        "type": "Polygon"
      }
    },
    {
      "type": "Feature",
      "properties": {
        "name": "Hauz Khas Village Night",
        "crime_rate": 0.4,
        "lighting": "average"
      },
      "geometry": {
        "coordinates": [
          [
            [77.19122566836819, 28.55747726622907],
            [77.19122566836819, 28.545923239566704],
            [77.2076677907956, 28.545923239566704],
            [77.2076677907956, 28.55747726622907],
            [77.19122566836819, 28.55747726622907]
          ]
        ],
        "type": "Polygon"
      }
    }
  ]
}